割引,商品名,価格
16%OFF,【Amazon.co.jp限定】タオル研究所 [ボリュームリッチ]…,1588
46%OFF,Echo Show 5 (エコーショー5) 第3世代 - スマートディ…,6980
17%OFF,SwitchBot スマートリモコン ハブ2 赤外線家電を管理 ス…,7480
30%OFF,[TIRTIR] Mask fit Cushion [ティルティル] マスクフィッ…,2079
22%OFF,ハイセンス 55V型 倍速パネル搭載 液晶 テレビ 55E7H…,78000
15%OFF,ボールド 洗濯洗剤 ジェルボール4D プレミアムブロッ…,2879
19%OFF,クリンスイ 浄水器 蛇口直結型 MONOシリーズ 交換カ…,5230
26%OFF,【Amazon.co.jp限定】Elgato Stream Deck MK.2 エルガ…,16960
18%OFF,Galaxy Tab A9+(Wi-Fiモデル)｜グラファイト｜タブレッ…,29200
30%OFF,【Amazon.co.jp限定】キレイキレイ薬用泡ハンドソープ…,924
25%OFF,レノア オードリュクス 香り付け専用ビーズ マインド…,938
18%OFF,【新生活応援商品】 アイリスオーヤマ 洗濯機 5kg 幅5…,24673
20%OFF,【Amazon.co.jp限定】 バッファロー WiFi ルーター無…,12280
17%OFF,Dowinx ゲーミングチェア ファブリック オットマン付…,19860
16%OFF,バッファロー USBメモリ 64GB USB3.2(Gen1)/3.1(…,830
9%OFF,Aprica(アップリカ) チャイルドシート ISOFIX固定 クル…,36000
25%OFF,[アシックス] 運動靴 LAZERBEAM SI 秋冬 キッズ,3372
40%OFF,Fire TV Stick 第3世代 | HD対応スタンダードモデル | ス…,2980
42%OFF,アイロボット(IRobot)ルンバ j7+ ロボット掃除機 カーペ…,68200
35%OFF,Fire HD 10 タブレット - 10インチHD ディスプレイ 32G…,12980
40%OFF,Anker Solix C1000 Portable Power Station ポータブル…,83900
15%OFF,Anker Eufy (ユーフィ) X10 Pro Omni (ロボット掃除機…,84990
42%OFF,【23年モデル・置くだけで充電スタンド付き】 アイリ…,11390
40%OFF,Anker Eufy Clean (ユーフィクリーン) X8 Pro with Self-…,41990
24%OFF,【2年保証】 GoPro公式ストア限定 GoPro HERO12 Bl…,54400
21%OFF,【Amazon.co.jp限定】 ASUS ノートパソコン Vivobook…,94800
40%OFF,VTCOSMETICS(ブイティコスメテックス) シートマス…,1558
20%OFF,ハイセンス 65V型 倍速パネル搭載 液晶 テレビ 65E7H…,94800
15%OFF,【Amazon.co.jp限定】 TCL 55V型 4K Google TV 液晶…,57800
42%OFF,【Amazon Alexa 認定取得】 TP-Link ネットワークWi-Fi…,2650
21%OFF,日立 冷蔵庫 幅65cm 540L ライトゴールド R-HWC54T…,179800
27%OFF,【超小型・90日間自動ゴミ収集】 SwitchBot ロボット掃…,43800
51%OFF,アイリスオーヤマ サーキュレーター扇風機 上下左右…,9990
19%OFF,Galaxy Tab S9FE(Wi-Fiモデル)｜グレー｜タブレット…,55555
23%OFF,REGZA テレビ 65インチ 有機ELテレビ 65X9900L ハ…,239800
24%OFF,【Amazon.co.jp限定】【第13世代Core i7 & RTX 4060搭…,144800
34%OFF,ハイセンス 冷蔵庫 幅55cm 257L ホワイト HR-G260H…,50830
39%OFF,どこでも簡単トイレ トイレの女神PREMIUM 簡易トイ…,5480
35%OFF,Red Bull 【Amazon.co.jp限定】レッドブル エナジー…,3335
25%OFF,Dyson(ダイソン) ドライヤー 大風量 速乾 Supersonic Sh…,36600
25%OFF,【国内正規品】ON Gold Standard 100% ホエイプ…,3738
36%OFF,Anker Eufy (ユーフィ) Smart Scale P2 Pro（体重体組成…,4490
42%OFF,arboleaf 筋膜リリースガン ハンディガン MINI 自適応モ…,5199
